{"cameraMode":{"drawMode":0,"name":"Shaded","section":"Shading Mode"},"sceneLighting":false,"audioPlay":false,"sceneViewState":{"showFog":true,"showMaterialUpdate":true,"showSkybox":true,"showFlares":true,"showImageEffects":true,"showParticleSystems":true},"in2DMode":false,"pivot":{"x":0.028849005699157716,"y":4.357285499572754,"z":0.2631000280380249},"rotation":{"x":-0.060763169080019,"y":0.17958280444145204,"z":-0.011114376597106457,"w":-0.9818015694618225},"size":15.431182861328125,"orthographic":false}